date,reportedDate,reportedEPS,estimatedEPS,surprise,surprisePercentage,reportTime,reportedCurrency,totalAssets,totalCurrentAssets,cashAndCashEquivalentsAtCarryingValue,cashAndShortTermInvestments,inventory,currentNetReceivables,totalNonCurrentAssets,propertyPlantEquipment,accumulatedDepreciationAmortizationPPE,intangibleAssets,intangibleAssetsExcludingGoodwill,goodwill,investments,longTermInvestments,shortTermInvestments,otherCurrentAssets,otherNonCurrentAssets,totalLiabilities,totalCurrentLiabilities,currentAccountsPayable,deferredRevenue,currentDebt,shortTermDebt,totalNonCurrentLiabilities,capitalLeaseObligations,longTermDebt,currentLongTermDebt,longTermDebtNoncurrent,shortLongTermDebtTotal,otherCurrentLiabilities,otherNonCurrentLiabilities,totalShareholderEquity,treasuryStock,retainedEarnings,commonStock,commonStockSharesOutstanding,reportedCurrency,operatingCashflow,paymentsForOperatingActivities,proceedsFromOperatingActivities,changeInOperatingLiabilities,changeInOperatingAssets,depreciationDepletionAndAmortization,capitalExpenditures,changeInReceivables,changeInInventory,profitLoss,cashflowFromInvestment,cashflowFromFinancing,proceedsFromRepaymentsOfShortTermDebt,paymentsForRepurchaseOfCommonStock,paymentsForRepurchaseOfEquity,paymentsForRepurchaseOfPreferredStock,dividendPayout,dividendPayoutCommonStock,dividendPayoutPreferredStock,proceedsFromIssuanceOfCommonStock,proceedsFromIssuanceOfLongTermDebtAndCapitalSecuritiesNet,proceedsFromIssuanceOfPreferredStock,proceedsFromRepurchaseOfEquity,proceedsFromSaleOfTreasuryStock,changeInCashAndCashEquivalents,changeInExchangeRate,netIncome,reportedCurrency,grossProfit,totalRevenue,costOfRevenue,costofGoodsAndServicesSold,operatingIncome,sellingGeneralAndAdministrative,researchAndDevelopment,operatingExpenses,investmentIncomeNet,netInterestIncome,interestIncome,interestExpense,nonInterestIncome,otherNonOperatingIncome,depreciation,depreciationAndAmortization,incomeBeforeTax,incomeTaxExpense,interestAndDebtExpense,netIncomeFromContinuingOperations,comprehensiveIncomeNetOfTax,ebit,ebitda,netIncome
2024-06-30,2024-07-23,1.89,1.85,0.04,2.1622,post-market,USD,414770000000,161995000000,27225000000,100725000000,None,47087000000,255151000000,151155000000,72816000000,29185000000,None,29185000000,179152000000,36548000000,73500000000,14183000000,9699000000,114017000000,77913000000,6092000000,5236000000,918000000,0,36104000000,1362000000,8900000000,0,8900000000,-124000000,63797000000,1753000000,300753000000,None,226033000000,12322000000,12322000000,USD,26640000000,None,None,1800000000,3589000000,3708000000,13186000000,3057000000,None,23619000000,-2781000000,-20889000000,None,15684000000,15684000000,None,2466000000,2466000000,None,None,None,None,-15684000000,None,None,None,23619000000,USD,49228000000,84735000000,35507000000,35507000000,27425000000,9950000000,11860000000,21810000000,None,1023000000,1090000000,43000000,84735000000,140000000,3708000000,3708000000,27551000000,3932000000,67000000,23619000000,23446000000,27425000000,31031000000,23619000000
2024-03-31,2024-04-25,1.89,1.51,0.38,25.1656,post-market,USD,407350000000,165471000000,24493000000,108090000000,None,44552000000,245279000000,143182000000,70004000000,29183000000,None,29183000000,200943000000,37394000000,83597000000,12829000000,10065000000,114506000000,76997000000,6198000000,4894000000,317000000,0,37509000000,1355000000,9000000000,0,9000000000,-127000000,63635000000,1683000000,292844000000,None,219770000000,12381000000,12381000000,USD,28848000000,None,None,-7319000000,-2167000000,3413000000,12012000000,-3167000000,None,23662000000,-8564000000,-19714000000,None,15696000000,15696000000,None,None,None,None,None,None,None,-15696000000,None,None,None,23662000000,USD,46662000000,80374000000,33712000000,33712000000,25472000000,9452000000,11903000000,21355000000,None,-94000000,1061000000,94000000,80468000000,255000000,3413000000,3413000000,28315000000,4653000000,94000000,23662000000,23225000000,28409000000,28885000000,23662000000
2023-12-31,2024-01-30,1.64,1.59,0.05,3.1447,post-market,USD,402392000000,171530000000,24048000000,110916000000,None,47964000000,233962000000,134345000000,67458000000,29198000000,None,29198000000,203704000000,34108000000,86868000000,12650000000,10051000000,119013000000,81814000000,7493000000,5048000000,1363000000,0,37199000000,1383000000,14862000000,1000000000,10300000000,14862000000,67393000000,1616000000,283379000000,None,211247000000,76534000000,12460000000,USD,18915000000,None,None,4579000000,5778000000,1563000000,11019000000,6518000000,5854000000,20687000000,-6167000000,-19308000000,None,16191000000,16191000000,None,None,None,None,None,None,None,-16191000000,None,None,None,20687000000,USD,47494000000,85069000000,37575000000,37575000000,23697000000,12925000000,12113000000,26241000000,None,-69000000,1110000000,69000000,85138000000,-47000000,None,1563000000,24412000000,3725000000,69000000,20687000000,23321000000,24481000000,25260000000,20687000000
2023-09-30,2023-10-23,1.55,1.45,0.1,6.8966,pre-market,USD,396711000000,176310000000,30702000000,119935000000,2957000000,41020000000,97154000000,125705000000,None,30979000000,1833000000,29146000000,209190000000,33365000000,89233000000,12398000000,7628000000,123509000000,86295000000,5803000000,5187000000,1400000000,0,37214000000,1914000000,10600000000,1000000000,9600000000,-133000000,68151000000,1433000000,273202000000,None,205647000000,74591000000,12541000000,USD,30656000000,None,None,4587000000,4445000000,3800000000,8055000000,2821000000,2136000000,19689000000,-7150000000,-18382000000,None,15787000000,15787000000,None,None,None,None,None,None,None,-15787000000,None,None,None,19689000000,USD,43078000000,76307000000,33229000000,33229000000,21343000000,10863000000,11258000000,22223000000,None,-116000000,1066000000,116000000,76423000000,120000000,None,3800000000,21197000000,1508000000,116000000,19689000000,18644000000,21313000000,25143000000,19689000000
2023-06-30,2023-07-25,1.44,1.34,0.1,7.4627,post-market,USD,383044000000,168788000000,25929000000,118332000000,2231000000,38804000000,95440000000,121208000000,None,31176000000,1966000000,29210000000,214416000000,33616000000,92403000000,9421000000,6822000000,115903000000,77709000000,5313000000,4513000000,1317000000,0,38194000000,1841000000,11099000000,999000000,10100000000,-137000000,65887000000,1765000000,267141000000,None,200884000000,72248000000,12629000000,USD,28666000000,None,None,1762000000,3461000000,2824000000,6888000000,2948000000,130000000,18368000000,-10800000000,-17835000000,None,14969000000,14969000000,None,None,None,None,None,None,None,-14969000000,None,31000000,None,18368000000,USD,42467000000,74383000000,31916000000,31916000000,21838000000,10262000000,10588000000,20920000000,None,-43000000,892000000,43000000,74426000000,94000000,2824000000,4282000000,21903000000,3535000000,43000000,18368000000,18377000000,21946000000,26120000000,18368000000
2023-03-31,2023-04-25,1.17,1.06,0.11,10.3774,post-market,USD,369491000000,161985000000,25924000000,115102000000,2315000000,36036000000,92466000000,117560000000,None,30962000000,1968000000,28994000000,208310000000,33733000000,89178000000,8532000000,6439000000,108597000000,68854000000,4184000000,4325000000,1371000000,0,39743000000,1836000000,11199000000,999000000,10200000000,-140000000,58330000000,2373000000,260894000000,None,196625000000,70269000000,12722000000,USD,23509000000,None,None,-5802000000,-3708000000,2635000000,6289000000,-4454000000,None,15051000000,-2946000000,-16568000000,None,14557000000,14557000000,None,None,None,None,None,None,None,-14557000000,None,3995000000,None,15051000000,USD,39074000000,69686000000,30612000000,30612000000,17415000000,10292000000,11468000000,24318000000,None,-80000000,797000000,80000000,69766000000,132000000,2635000000,4182000000,18205000000,3154000000,80000000,15051000000,16654000000,18285000000,21597000000,15051000000
2022-12-31,2023-02-02,1.05,1.19,-0.14,-11.7647,post-market,USD,365264000000,164795000000,21879000000,113762000000,2670000000,40258000000,202772000000,112668000000,59042000000,31044000000,2084000000,28960000000,212885000000,32795000000,91883000000,10775000000,8707000000,109120000000,69300000000,5128000000,4507000000,298000000,0,39820000000,1844000000,15312000000,0,9900000000,15312000000,51006000000,2247000000,256144000000,None,195563000000,68184000000,12849000000,USD,23614000000,None,None,3659000000,5393000000,4201000000,7595000000,4615000000,None,13624000000,-6227000000,-17629000000,None,15407000000,15407000000,None,None,None,None,None,None,None,-15407000000,None,-242000000,None,13624000000,USD,38949000000,74291000000,35342000000,35342000000,18160000000,12279000000,10267000000,22546000000,None,-90000000,659000000,90000000,74381000000,104000000,None,5126000000,17147000000,3523000000,90000000,13624000000,14873000000,17237000000,23286000000,13624000000
2022-09-30,2022-10-25,1.06,1.25,-0.19,-15.2,post-market,USD,358255000000,166109000000,21984000000,116259000000,3156000000,36176000000,85083000000,108363000000,None,31026000000,2192000000,28834000000,129424000000,31719000000,94275000000,10518000000,5670000000,104629000000,65979000000,6303000000,4179000000,414000000,0,38650000000,1799000000,14653000000,None,9700000000,-146000000,53806000000,2371000000,253626000000,None,196220000000,66258000000,12971000000,USD,23353000000,None,None,4229000000,2744000000,4046000000,7276000000,97000000,None,13910000000,-833000000,-18097000000,None,15392000000,15392000000,None,None,None,None,None,None,None,-15392000000,None,4423000000,None,13910000000,USD,38262000000,69420000000,31158000000,31158000000,17135000000,10526000000,10273000000,20799000000,None,-101000000,615000000,101000000,69521000000,143000000,None,4759000000,16233000000,2323000000,101000000,13910000000,10886000000,16334000000,21894000000,13910000000
2022-06-30,2022-07-26,1.21,1.3,-0.09,-6.9231,post-market,USD,355185000000,172371000000,17936000000,124997000000,1980000000,37073000000,77991000000,106223000000,None,25326000000,1377000000,23949000000,142135000000,32065000000,107061000000,8321000000,5712000000,99766000000,61354000000,4409000000,3744000000,82000000,0,38412000000,1884000000,12850000000,None,10400000000,-150000000,51376000000,2422000000,255419000000,None,196845000000,64402000000,13078000000,USD,19422000000,None,None,2784000000,2814000000,3899000000,6828000000,1969000000,None,16002000000,-4187000000,-17817000000,None,15197000000,15197000000,None,None,None,None,None,None,None,-15197000000,None,-2582000000,None,16002000000,USD,39639000000,69743000000,30104000000,30104000000,19453000000,10287000000,9841000000,20128000000,None,-83000000,486000000,83000000,69826000000,259000000,None,4844000000,19014000000,3012000000,83000000,16002000000,14223000000,19097000000,24297000000,16002000000
2022-03-31,2022-04-26,1.23,1.29,-0.06,-4.6512,post-market,USD,357096000000,177853000000,20886000000,133970000000,1369000000,35622000000,76425000000,104218000000,None,24323000000,1313000000,23010000000,147340000000,31944000000,113084000000,6892000000,5778000000,103092000000,61948000000,3436000000,3697000000,181000000,0,41144000000,1944000000,14791000000,None,11400000000,-153000000,53047000000,2242000000,254004000000,None,195221000000,62832000000,658763000,USD,25106000000,None,None,-5683000000,-3588000000,3782000000,9786000000,-4364000000,None,16436000000,-9051000000,-16214000000,None,13300000000,13300000000,None,None,None,None,None,None,None,-13300000000,None,-159000000,None,16436000000,USD,38460000000,68059000000,29599000000,29599000000,20094000000,9199000000,9119000000,18318000000,None,-83000000,414000000,83000000,68142000000,-125000000,None,4215000000,18934000000,2498000000,83000000,16436000000,14010000000,19017000000,24309000000,16436000000
2021-12-31,2022-02-01,1.53,1.38,0.15,10.8696,post-market,USD,359268000000,188143000000,20945000000,139649000000,1170000000,40270000000,172625000000,97599000000,49414000000,24373000000,1417000000,22956000000,152164000000,31049000000,118704000000,8020000000,5361000000,107633000000,64254000000,6037000000,3823000000,113000000,0,43379000000,1973000000,15440000000,0,12400000000,15440000000,52740000000,2205000000,251635000000,None,191484000000,61774000000,662121000,USD,24934000000,None,None,6066000000,6218000000,3439000000,6383000000,5819000000,5438000000,20642000000,-11016000000,-16511000000,None,13473000000,13473000000,None,None,None,None,None,None,None,-13473000000,None,-2593000000,None,20642000000,USD,42152000000,75140000000,32988000000,32988000000,21885000000,11744000000,8708000000,20452000000,None,-117000000,378000000,117000000,-181639000000,120000000,None,3439000000,24402000000,3760000000,117000000,20642000000,19427000000,24519000000,25643000000,20642000000
2021-09-30,2021-10-26,1.4,1.17,0.23,19.6581,post-market,USD,347403000000,184110000000,23719000000,142003000000,1278000000,34800000000,70162000000,94631000000,None,24172000000,1549000000,22623000000,146960000000,27601000000,118284000000,6029000000,4276000000,102836000000,61782000000,4616000000,6978000000,249000000,0,41054000000,1447000000,12300000000,0,12300000000,-159000000,52097000000,2250000000,244567000000,None,183782000000,61193000000,664682000,USD,25539000000,None,None,3072000000,3664000000,3304000000,6819000000,2409000000,1664000000,18936000000,-10050000000,-15254000000,None,12610000000,12610000000,None,None,None,None,None,None,None,-12610000000,None,18936000000,None,18936000000,USD,37307000000,64928000000,27621000000,27621000000,21031000000,8772000000,7694000000,16466000000,None,-77000000,387000000,77000000,65005000000,8000000,None,3304000000,23064000000,4128000000,77000000,18936000000,18338000000,23141000000,24426000000,18936000000
2021-06-30,2021-07-27,1.36,0.96,0.4,41.6667,post-market,USD,335387000000,175697000000,23630000000,135863000000,907000000,32851000000,69593000000,91697000000,None,24032000000,1626000000,22406000000,140465000000,27132000000,112233000000,6076000000,4298000000,97822000000,55741000000,4708000000,6425000000,117000000,0,42081000000,1491000000,12400000000,0,12400000000,-163000000,46281000000,2270000000,237565000000,None,176939000000,60436000000,667637000,USD,21890000000,None,None,3598000000,3860000000,2945000000,5496000000,3661000000,4005000000,18525000000,-9074000000,-15991000000,None,12796000000,12796000000,None,None,None,None,None,None,None,-12796000000,None,18525000000,None,18525000000,USD,35653000000,61880000000,26227000000,26227000000,19361000000,8617000000,7675000000,16292000000,None,-76000000,389000000,76000000,61960000000,-90000000,None,2945000000,21985000000,3460000000,76000000,18525000000,18718000000,22061000000,22174000000,18525000000
2021-03-31,2021-04-27,1.31,0.79,0.52,65.8228,post-market,USD,327095000000,172137000000,26622000000,135104000000,888000000,28499000000,68952000000,87606000000,None,24164000000,1823000000,22341000000,142520000000,26894000000,108482000000,7646000000,4167000000,97082000000,55453000000,4801000000,3220000000,1090000000,0,41629000000,1052000000,14000000000,1000000000,13000000000,-165000000,46074000000,2146000000,230013000000,None,170580000000,59436000000,671094000,USD,19289000000,None,None,-4375000000,-2801000000,2753000000,5942000000,-2794000000,-3967000000,17930000000,-5383000000,-13606000000,None,11395000000,11395000000,None,None,None,None,None,None,None,-11395000000,None,300000000,None,17930000000,USD,31211000000,55314000000,24103000000,24103000000,16437000000,7289000000,7485000000,14774000000,None,-76000000,345000000,76000000,55519000000,373000000,None,2753000000,21283000000,3353000000,76000000,17930000000,17294000000,21359000000,19248000000,17930000000
2020-12-31,2021-02-02,1.12,0.8,0.32,40,post-market,USD,319616000000,174296000000,26465000000,136694000000,728000000,31384000000,146720000000,84749000000,41713000000,22620000000,1445000000,21175000000,138984000000,22103000000,110229000000,5490000000,3953000000,97072000000,56834000000,5589000000,3024000000,1100000000,0,40238000000,1100000000,15319000000,999000000,14000000000,15319000000,47008000000,2269000000,222544000000,None,163401000000,58510000000,675222000,USD,22677000000,554000000,None,5783000000,6183000000,3725000000,5479000000,5445000000,5237000000,15227000000,-7281000000,-9270000000,None,7904000000,7904000000,None,None,None,None,None,None,None,-7904000000,None,6126000000,None,15227000000,USD,30038000000,56118000000,26080000000,26080000000,15651000000,8145000000,7022000000,15167000000,None,-53000000,386000000,53000000,-125497000000,-420000000,None,3725000000,18689000000,3462000000,53000000,15227000000,15814000000,18742000000,19292000000,15227000000
2020-09-30,2020-10-29,0.82,0.56,0.26,46.4286,post-market,USD,299243000000,164369000000,20129000000,132596000000,835000000,25513000000,134874000000,81636000000,None,22390000000,1520000000,20870000000,134397000000,15956000000,112467000000,5425000000,3274000000,86323000000,48200000000,4391000000,2756000000,1121000000,0,38123000000,1074000000,14899000000,999000000,13900000000,-173000000,39972000000,2194000000,212920000000,None,155567000000,57307000000,677724000,USD,17003000000,527000000,None,3690000000,3834000000,3478000000,5406000000,3601000000,3726000000,11247000000,-15197000000,546000000,None,7897000000,7897000000,None,None,None,None,None,None,None,-7897000000,None,5314000000,None,11247000000,USD,25013000000,46130000000,21117000000,21117000000,11213000000,6987000000,6856000000,13843000000,None,-48000000,460000000,48000000,46178000000,-88000000,None,3478000000,13359000000,2112000000,48000000,11247000000,11589000000,13407000000,14954000000,11247000000
2020-06-30,2020-07-30,0.51,0.42,0.09,21.4286,post-market,USD,278492000000,149069000000,17742000000,121080000000,815000000,21595000000,129423000000,78748000000,None,22521000000,1697000000,20824000000,122355000000,14161000000,103338000000,5579000000,2731000000,71170000000,43658000000,4064000000,2458000000,1136000000,0,27512000000,1171000000,5297000000,997000000,2963000000,-37000000,36117000000,1992000000,207322000000,None,151681000000,55937000000,681215000,USD,13993000000,493000000,None,1689000000,324000000,3386000000,5391000000,80000000,1367000000,6959000000,-8448000000,-7498000000,None,6852000000,6852000000,None,None,None,None,None,None,None,-6852000000,None,1075000000,None,6959000000,USD,19744000000,38297000000,18553000000,18553000000,6383000000,6486000000,6875000000,13361000000,None,-13000000,433000000,13000000,38761000000,-147000000,None,3386000000,8277000000,1318000000,13000000,6959000000,7760000000,8290000000,9926000000,6959000000
2020-03-31,2020-04-28,0.4935,0.519,-0.0255,-4.9133,post-market,USD,273403000000,147018000000,19644000000,117229000000,889000000,23735000000,126385000000,87966000000,None,22574000000,1840000000,20734000000,114470000000,13567000000,97585000000,5165000000,2748000000,69744000000,40189000000,4099000000,2288000000,1312000000,0,19079000000,1154000000,5512000000,1312000000,3960000000,-40000000,32840000000,2427000000,203659000000,None,151068000000,53688000000,683972000,USD,11451000000,430000000,None,-4329000000,-2487000000,3108000000,6005000000,-2602000000,-4517000000,6836000000,-1847000000,-8186000000,None,8496000000,8496000000,None,None,None,None,None,None,None,-8496000000,None,1418000000,None,6836000000,USD,22177000000,41159000000,18982000000,18982000000,7977000000,7380000000,6820000000,14200000000,None,-21000000,586000000,21000000,41310000000,18000000,None,3108000000,7757000000,921000000,21000000,6836000000,6971000000,7778000000,11769000000,6836000000
2019-12-31,2020-02-03,0.7675,0.6295,0.138,21.9222,post-market,USD,275909000000,152578000000,18498000000,119675000000,999000000,27492000000,123331000000,73646000000,30561000000,22603000000,1979000000,20624000000,119195000000,14378000000,101177000000,4412000000,2342000000,74467000000,45221000000,5561000000,2266000000,1199000000,0,19032000000,685000000,4685000000,0,3958000000,4685000000,36553000000,2534000000,201442000000,None,152122000000,50552000000,688335000,USD,14427000000,449000000,None,5243000000,4199000000,3413000000,6052000000,4365000000,5481000000,10671000000,-4703000000,-7326000000,None,6098000000,6098000000,None,1015000000,1015000000,None,None,None,None,-6098000000,None,2398000000,None,10671000000,USD,24855000000,45569000000,21020000000,21020000000,9266000000,8567000000,7222000000,15789000000,None,-17000000,621000000,17000000,45892000000,-72000000,None,3413000000,10704000000,33000000,17000000,10671000000,10635000000,10721000000,13695000000,10671000000
2019-09-30,2019-10-28,0.506,0.623,-0.117,-18.7801,post-market,USD,263044000000,148358000000,16032000000,121177000000,1401000000,21081000000,114686000000,69252000000,28153000000,19816000000,1747000000,18069000000,124290000000,13688000000,105145000000,4699000000,2225000000,68075000000,39224000000,4142000000,2043000000,None,0,19185000000,126000000,3956000000,None,3956000000,-44000000,9191000000,1637000000,194969000000,None,147125000000,49040000000,690906000,USD,15466000000,442000000,None,1851000000,612000000,2920000000,6732000000,1000000,1503000000,7068000000,-8945000000,-6954000000,None,5696000000,5696000000,None,None,None,None,None,None,None,-5696000000,None,-106000000,None,7068000000,USD,22935000000,40503000000,17568000000,17568000000,9177000000,7200000000,6554000000,13754000000,None,-23000000,631000000,23000000,40526000000,68000000,None,2920000000,8628000000,1560000000,23000000,7068000000,6963000000,8651000000,13009000000,7068000000
2019-06-30,2019-07-25,0.7105,0.5665,0.144,25.4192,post-market,USD,257101000000,147437000000,16587000000,121056000000,964000000,21317000000,109664000000,64891000000,26539000000,19902000000,1902000000,18000000000,222621000000,13312000000,104469000000,4100000000,2461000000,64909000000,37000000000,3925000000,2104000000,None,0,18821000000,120000000,3954000000,1064000000,3954000000,-46000000,9521000000,1499000000,192192000000,None,145346000000,47937000000,694050000,USD,12627000000,396000000,None,1276000000,1057000000,2835000000,6126000000,1146000000,1479000000,9947000000,-10455000000,-4746000000,None,3577000000,3577000000,None,None,None,None,None,None,None,-3577000000,None,3425000000,None,9947000000,USD,21749000000,39045000000,17296000000,17296000000,9180000000,6255000000,6213000000,12468000000,None,-25000000,653000000,25000000,39070000000,53000000,None,2835000000,12147000000,2200000000,25000000,9947000000,10636000000,12172000000,12262000000,9947000000
2019-03-31,2019-04-29,0.475,0.5315,-0.0565,-10.6303,post-market,USD,245349000000,138207000000,19148000000,113488000000,1053000000,19260000000,107142000000,60528000000,24730000000,20006000000,2063000000,17943000000,204944000000,15774000000,94340000000,4406000000,2547000000,61877000000,34910000000,3710000000,None,None,0,17479000000,114000000,3952000000,1142000000,3952000000,-48000000,9388000000,1417000000,183472000000,None,138720000000,46532000000,694782000,USD,12000000000,374000000,None,-735000000,-907000000,2613000000,4638000000,-1172000000,-641000000,6657000000,-5388000000,-4183000000,None,3025000000,3025000000,None,None,None,None,None,None,None,-3025000000,None,2447000000,18000000,6657000000,USD,20327000000,36339000000,16012000000,16012000000,6608000000,5993000000,6029000000,12022000000,None,-35000000,1417000000,35000000,36453000000,53000000,None,2613000000,8146000000,1489000000,35000000,6657000000,7213000000,8181000000,11336000000,6657000000
2018-12-31,2019-02-04,0.6385,0.541,0.0975,18.0222,post-market,USD,232792000000,135676000000,16701000000,109140000000,1107000000,21193000000,97116000000,59719000000,22788000000,20108000000,2220000000,17888000000,199328000000,15159000000,92439000000,4236000000,2693000000,55164000000,34620000000,4378000000,2180000000,None,0,19280000000,None,4062000000,None,3950000000,4062000000,7754000000,3545000000,177628000000,None,134885000000,45049000000,695556000,USD,12987000000,None,None,3030000000,2854000000,2580000000,7081000000,2887000000,2869000000,8948000000,-6876000000,-2746000000,None,2650000000,2650000000,None,None,None,None,None,None,None,-2650000000,None,3258000000,-107000000,8948000000,USD,21358000000,39276000000,17918000000,17918000000,8221000000,7121000000,6034000000,13155000000,None,-29000000,None,29000000,40666000000,68000000,None,2580000000,10072000000,1124000000,29000000,8948000000,8318000000,10101000000,11412000000,8948000000
2018-09-30,2018-10-25,0.653,0.52,0.133,25.5769,post-market,USD,221538000000,129702000000,13443000000,106416000000,1212000000,18067000000,91836000000,55300000000,21828000000,20343000000,2448000000,17895000000,200680000000,12673000000,92973000000,4007000000,2838000000,51698000000,31301000000,3789000000,None,None,0,19079000000,None,3948000000,None,3948000000,-52000000,7993000000,3214000000,169840000000,None,128405000000,43111000000,695957000,USD,13210000000,None,None,2150000000,1154000000,2355000000,5282000000,670000000,1480000000,9192000000,-10408000000,-3478000000,None,2200000000,2200000000,None,None,None,None,None,None,None,-2200000000,None,-705000000,-29000000,9192000000,USD,19459000000,33740000000,14281000000,14281000000,8625000000,5917000000,5232000000,11149000000,None,-28000000,None,28000000,34059000000,49000000,None,2355000000,10083000000,891000000,28000000,9192000000,9041000000,10111000000,11168000000,9192000000
2018-06-30,2018-07-23,0.227,0.477,-0.25,-52.4109,post-market,USD,211610000000,124157000000,14148000000,102254000000,698000000,17244000000,87453000000,51672000000,20204000000,20557000000,2662000000,17895000000,191247000000,12787000000,88106000000,3961000000,3052000000,49610000000,29903000000,3369000000,None,None,0,19228000000,None,3947000000,3981000000,3947000000,-53000000,7914000000,3237000000,162000000000,None,121282000000,42243000000,695946000,USD,10132000000,None,None,5762000000,827000000,2114000000,5477000000,312000000,5210000000,3195000000,-3374000000,-4937000000,None,2052000000,2052000000,None,None,None,None,None,None,None,-2052000000,None,1490000000,-331000000,3195000000,USD,18774000000,32657000000,13883000000,13883000000,3045000000,5782000000,5114000000,10896000000,None,-27000000,None,27000000,33145000000,49000000,None,2114000000,4215000000,1020000000,27000000,3195000000,2340000000,4242000000,10392000000,3195000000
2018-03-31,2018-04-23,0.6665,0.466,0.2005,43.0258,post-market,USD,206935000000,123761000000,12658000000,102885000000,636000000,16814000000,83174000000,48845000000,18956000000,20671000000,2809000000,17862000000,104645000000,12476000000,90227000000,3426000000,2004000000,46110000000,25394000000,3526000000,1911000000,1329000000,1300000000,20322000000,None,3944000000,29000000,3944000000,1244000000,18943000000,3149000000,160825000000,None,120008000000,41487000000,694945000,USD,11642000000,None,None,-890000000,-1459000000,1986000000,7299000000,-1700000000,-1669000000,9401000000,-7846000000,-2018000000,None,2173000000,2173000000,None,None,None,None,None,None,None,-2173000000,None,1943000000,165000000,9401000000,USD,17679000000,31146000000,13467000000,13467000000,7633000000,5639000000,5039000000,10678000000,None,-30000000,None,30000000,31122000000,212000000,None,1986000000,10543000000,1142000000,30000000,9401000000,9821000000,10573000000,9591000000,9401000000
2017-12-31,2018-02-01,0.485,0.498,-0.013,-2.6104,post-market,USD,197295000000,124308000000,10715000000,101871000000,749000000,18705000000,72987000000,42383000000,17264000000,19439000000,2692000000,16747000000,104357000000,13713000000,91156000000,2983000000,2672000000,44793000000,24183000000,3137000000,1772000000,0,0,20180000000,None,4026000000,3969000000,3943000000,4026000000,2874000000,3059000000,152502000000,None,113247000000,40247000000,694783000,USD,10268000000,None,None,2605000000,3127000000,2026000000,4307000000,3049000000,2465000000,-3083000000,-6974000000,-3178000000,None,2101000000,2101000000,None,800000000,800000000,None,None,None,None,-2101000000,None,134000000,18000000,-3020000000,USD,18056000000,32323000000,14267000000,14267000000,7696000000,6086000000,4306000000,10392000000,None,-36000000,None,36000000,-20000000,43000000,None,2026000000,8018000000,11038000000,36000000,-3083000000,-3266000000,8054000000,10134000000,-3020000000
2017-09-30,2017-10-26,0.4785,0.4165,0.062,14.886,post-market,USD,189536000000,119345000000,10581000000,100143000000,765000000,15577000000,70191000000,40120000000,16238000000,19614000000,2883000000,16731000000,101706000000,12569000000,89562000000,2860000000,2683000000,32436000000,20693000000,2674000000,1615000000,None,13906000000,11592000000,None,3941000000,3964000000,3941000000,-59000000,2844000000,2924000000,157100000000,None,118237000000,39609000000,694790000,USD,9872000000,None,None,1406000000,3236000000,1761000000,3538000000,1150000000,-22000000,6701000000,-14404000000,-706000000,None,0,0,None,None,None,None,None,None,None,0,None,-5130000000,108000000,6732000000,USD,16624000000,27772000000,11148000000,11148000000,7782000000,4637000000,4205000000,8842000000,None,-27000000,None,27000000,-53000000,47000000,None,1761000000,7979000000,1247000000,27000000,6701000000,7714000000,8006000000,9896000000,6732000000
2017-06-30,2017-07-24,0.2505,0.2235,0.027,12.0805,post-market,USD,178621000000,112386000000,15711000000,94713000000,398000000,14877000000,66235000000,37676000000,15665000000,19537000000,2933000000,16604000000,90410000000,11942000000,79002000000,2398000000,None,30335000000,18685000000,2488000000,1571000000,None,12216000000,11281000000,None,3939000000,3955000000,3939000000,-61000000,2755000000,2853000000,148286000000,None,111505000000,38509000000,692876000,USD,7403000000,None,None,3655000000,836000000,1625000000,2831000000,836000000,3309000000,3511000000,-7172000000,-2740000000,None,1618000000,1618000000,None,None,None,None,None,None,None,-1618000000,None,-2421000000,88000000,3524000000,USD,15637000000,26010000000,10373000000,10373000000,4132000000,4597000000,4172000000,8769000000,None,-21000000,None,21000000,-46000000,34000000,None,1625000000,4377000000,853000000,21000000,3511000000,3965000000,4398000000,8821000000,3524000000
2017-03-31,2017-04-27,0.3865,0.3695,0.017,4.6008,post-market,USD,172756000000,108794000000,18132000000,92439000000,280000000,12969000000,63962000000,35936000000,14385000000,19684000000,3137000000,16547000000,84840000000,10931000000,74307000000,3106000000,None,27807000000,15256000000,2306000000,1471000000,None,803000000,12551000000,None,3937000000,None,3937000000,-63000000,10999000000,2763000000,144949000000,None,109420000000,37698000000,692108000,USD,9548000000,None,None,-1654000000,-1267000000,1503000000,2508000000,-1267000000,-2070000000,5377000000,-2851000000,-1674000000,None,1127000000,1127000000,None,None,None,None,None,None,None,-1127000000,None,5214000000,191000000,5426000000,USD,14955000000,24750000000,9795000000,9795000000,6568000000,4445000000,3942000000,8387000000,None,-25000000,None,25000000,-2000000,34000000,None,1503000000,6819000000,1393000000,25000000,5377000000,5659000000,6844000000,8417000000,5426000000
2016-12-31,2017-01-26,0.468,0.4835,-0.0155,-3.2058,post-market,USD,167497000000,105408000000,12918000000,86333000000,268000000,14232000000,62089000000,34234000000,13293000000,19775000000,3307000000,16468000000,84085000000,10578000000,73415000000,4575000000,1819000000,28461000000,16756000000,2041000000,1301000000,0,0,11705000000,None,4000000000,3935000000,3935000000,4000000000,13062000000,2665000000,139036000000,None,105131000000,36307000000,691293000,USD,9413000000,18000000,None,1230000000,2279000000,1687000000,3078000000,2279000000,1830000000,5340000000,-4702000000,-892000000,None,0,0,None,None,None,None,None,None,None,298000000,None,3512000000,-307000000,5333000000,USD,15403000000,26064000000,10661000000,10661000000,6639000000,5142000000,3622000000,8764000000,None,-33000000,None,33000000,-38000000,35000000,None,1687000000,6857000000,1524000000,33000000,5542000000,3963000000,6890000000,8686000000,5333000000
2016-09-30,2016-10-27,0.453,0.432,0.021,4.8611,post-market,USD,159948000000,98546000000,9406000000,83056000000,559000000,12395000000,61402000000,32753000000,13341000000,19395000000,3367000000,16028000000,83583000000,10205000000,73650000000,2536000000,None,25845000000,14323000000,2175000000,1092000000,0,171000000,11522000000,None,3938000000,None,3938000000,-62000000,11054000000,2561000000,134103000000,None,99798000000,35337000000,689136000,USD,9845000000,18000000,None,1307000000,282000000,1596000000,2554000000,282000000,948000000,5000000000,-13045000000,-1089000000,None,0,0,None,None,None,None,None,None,None,0,None,-4221000000,68000000,5061000000,USD,13752000000,22451000000,8699000000,8699000000,5767000000,4389000000,3596000000,7985000000,None,-29000000,None,29000000,-123000000,22000000,None,1596000000,6045000000,984000000,29000000,5000000000,5180000000,6074000000,7703000000,5061000000
2016-06-30,2016-07-28,0.421,0.4015,0.0195,4.8568,post-market,USD,154292000000,94238000000,13627000000,78460000000,None,12262000000,60054000000,31413000000,12491000000,19293000000,3452000000,15841000000,75341000000,10520000000,64833000000,3016000000,None,26413000000,17341000000,1716000000,1051000000,2219000000,1999000000,9072000000,None,1984000000,None,1984000000,-16000000,12506000000,2151000000,127879000000,None,94737000000,34293000000,686778000,USD,9120000000,-136000000,None,626000000,835000000,1490000000,2123000000,835000000,652000000,4834000000,-7173000000,-3440000000,None,1595000000,1595000000,None,None,None,None,None,None,None,-1595000000,None,-1484000000,9000000,4877000000,USD,13370000000,21500000000,8130000000,8130000000,5968000000,4039000000,3363000000,7402000000,None,-32000000,None,32000000,-128000000,18000000,None,1490000000,6119000000,1242000000,32000000,4834000000,5020000000,6151000000,7783000000,4877000000
2016-03-31,2016-04-21,0.375,0.398,-0.023,-5.7789,post-market,USD,149747000000,90955000000,15111000000,75264000000,None,12622000000,58792000000,30162000000,11833000000,19523000000,3657000000,15866000000,69819000000,9977000000,60153000000,2719000000,None,26178000000,17684000000,1667000000,1064000000,3221000000,1998000000,8494000000,None,None,None,1987000000,-13000000,11863000000,1965000000,123569000000,None,91168000000,33695000000,686792000,USD,7658000000,184000000,None,-1315000000,-818000000,1371000000,2428000000,-818000000,-1010000000,4102000000,-6245000000,-2911000000,None,2098000000,2098000000,None,None,None,None,None,None,None,-2098000000,None,-1438000000,60000000,4207000000,USD,12609000000,20257000000,7648000000,7648000000,5342000000,3900000000,3367000000,7267000000,None,-30000000,None,30000000,-186000000,13000000,None,1371000000,5129000000,922000000,30000000,4102000000,4787000000,5159000000,6996000000,4207000000
